name,generic_name,brand_name,manufacturer,salt_composition,strength,form,use_case,selling_price,cost_price,requires_prescription,data_source,source_url
Acebrophylline 100mg Capsule,Acebrophylline,,Jan Aushadhi (PMBJP),Acebrophylline 100mg,100mg,capsule,,,,,Jan Aushadhi (PMBJP),https://janaushadhistore.in/shop/acebrophylline-100mg-capsule/
Acebrophylline 200mg and Montelukast 10mg Tablet SR,Acebrophylline,,Jan Aushadhi (PMBJP),Acebrophylline 200mg + Montelukast 10mg,200mg + 10mg,tablet SR,,,,,Jan Aushadhi (PMBJP),https://janaushadhistore.in/shop/acebrophylline-200mg-and-montelukast-10mg-tablet-sr/
Aceclofenac 100mg and Thiocolchicoside 4mg Tablet,Aceclofenac,,Jan Aushadhi (PMBJP),Aceclofenac 100mg + Thiocolchicoside 4mg,100mg + 4mg,tablet,,,,,Jan Aushadhi (PMBJP),https://janaushadhistore.in/shop/aceclofenac-100mg-and-thiocolchicoside-4mg-tablet/
Aceclofenac 100mg Tablet,Aceclofenac,,Jan Aushadhi (PMBJP),Aceclofenac 100mg,100mg,tablet,,,,,Jan Aushadhi (PMBJP),https://janaushadhistore.in/shop/aceclofenac-100mg-tablet/
"Aceclofenac 100mg, Chlorzoxazone 250mg and Paracetamol 325mg Tablet",Aceclofenac,,Jan Aushadhi (PMBJP),Aceclofenac 100mg + Chlorzoxazone 250mg + Paracetamol 325mg,100mg + 250mg + 325mg,tablet,,,,,Jan Aushadhi (PMBJP),https://janaushadhistore.in/shop/aceclofenac-100mg-chlorzoxazone-250mg-and-paracetamol-325mg-tablet/
Aceclofenac 200mg Sustained Release Tablet,Aceclofenac,,Jan Aushadhi (PMBJP),Aceclofenac 200mg,200mg,tablet,,,,,Jan Aushadhi (PMBJP),https://janaushadhistore.in/shop/aceclofenac-200mg-sustained-release-tablet/
Aceclofenac and Paracetamol Tablet,Aceclofenac,,Jan Aushadhi (PMBJP),Aceclofenac 100mg + Paracetamol 325mg,100mg + 325mg,tablet,,,,,Jan Aushadhi (PMBJP),https://janaushadhistore.in/shop/aceclofenac-and-paracetamol-tablet/
Aceclofenac and Rabeprazole Capsule,Aceclofenac,,Jan Aushadhi (PMBJP),Aceclofenac 200mg + Rabeprazole 20mg,200mg + 20mg,capsule,,,,,Jan Aushadhi (PMBJP),https://janaushadhistore.in/shop/aceclofenac-and-rabeprazole-capsule/
"Aceclofenac, Paracetamol and Serratiopeptidase Tablet",Aceclofenac,,Jan Aushadhi (PMBJP),Aceclofenac 100mg + Paracetamol 325mg + Serratiopeptidase 15mg,100mg + 325mg + 15mg,tablet,,,,,Jan Aushadhi (PMBJP),https://janaushadhistore.in/shop/aceclofenac-paracetamol-and-serratiopeptidase-tablet/
Adapalene 0.1% Gel,Adapalene,,Jan Aushadhi (PMBJP),Adapalene 0.1%,0.1%,gel,,,,,Jan Aushadhi (PMBJP),https://janaushadhistore.in/shop/adapalene-0-1-gel/
Albendazole 400mg Tablet,Albendazole,,Jan Aushadhi (PMBJP),Albendazole 400mg,400mg,tablet,,,,,Jan Aushadhi (PMBJP),https://janaushadhistore.in/shop/albendazole-400mg-tablet/
Allopurinol 100mg Tablet,Allopurinol,,Jan Aushadhi (PMBJP),Allopurinol 100mg,100mg,tablet,,,,,Jan Aushadhi (PMBJP),https://janaushadhistore.in/shop/allopurinol-100mg-tablet/
Amisulpride 50mg Tablet,Amisulpride,,Jan Aushadhi (PMBJP),Amisulpride 50mg,50mg,tablet,,,,,Jan Aushadhi (PMBJP),https://janaushadhistore.in/shop/amisulpride-50mg-tablet/
Amitriptyline 10mg Tablet,Amitriptyline,,Jan Aushadhi (PMBJP),Amitriptyline 10mg,10mg,tablet,,,,,Jan Aushadhi (PMBJP),https://janaushadhistore.in/shop/amitriptyline-10mg-tablet/
Amitriptyline 25mg Tablet,Amitriptyline,,Jan Aushadhi (PMBJP),Amitriptyline 25mg,25mg,tablet,,,,,Jan Aushadhi (PMBJP),https://janaushadhistore.in/shop/amitriptyline-25mg-tablet/
Amlodipine 5mg and Atenolol 50mg Tablet,Amlodipine,,Jan Aushadhi (PMBJP),Amlodipine 5mg + Atenolol 50mg,5mg + 50mg,tablet,,,,,Jan Aushadhi (PMBJP),https://janaushadhistore.in/shop/amlodipine-5mg-and-atenolol-50mg-tablet/
Amlodipine 5mg and Hydrochlorothiazide 12.5mg Tablet,Amlodipine,,Jan Aushadhi (PMBJP),Amlodipine 5mg + Hydrochlorothiazide 12 + 5mg,5mg + 5mg,tablet,,,,,Jan Aushadhi (PMBJP),https://janaushadhistore.in/shop/amlodipine-5mg-and-hydrochlorothiazide-12-5mg-tablet/
Amlodipine 5mg and Metoprolol Succinate 25mg Tablet,Amlodipine,,Jan Aushadhi (PMBJP),Amlodipine 5mg + Metoprolol Succinate 25mg,5mg + 25mg,tablet,,,,,Jan Aushadhi (PMBJP),https://janaushadhistore.in/shop/amlodipine-5mg-and-metoprolol-succinate-25mg-tablet/
Amlodipine 5mg and Metoprolol Succinate 50mg Tablet,Amlodipine,,Jan Aushadhi (PMBJP),Amlodipine 5mg + Metoprolol Succinate 50mg,5mg + 50mg,tablet,,,,,Jan Aushadhi (PMBJP),https://janaushadhistore.in/shop/amlodipine-5mg-and-metoprolol-succinate-50mg-tablet/
Amlodipine 5mg Tablet,Amlodipine,,Jan Aushadhi (PMBJP),Amlodipine 5mg,5mg,tablet,,,,,Jan Aushadhi (PMBJP),https://janaushadhistore.in/shop/amlodipine-5mg-tablet/
"Ammonium Chloride, Sodium Citrate, Diphenhydramine and Menthol Syrup",Ammonium Chloride,,Jan Aushadhi (PMBJP),Ammonium Chloride 100mg + 5ml + Sodium Citrate 50mg + 5ml + Diphenhydramine 12 + 5mg + 5ml + Menthol 2mg + 5ml,100mg + 5ml + 50mg + 5ml + 5mg + 5ml + 2mg + 5ml,syrup,,,,,Jan Aushadhi (PMBJP),https://janaushadhistore.in/shop/ammonium-chloride-sodium-citrate-diphenhydramine-and-menthol-syrup/
Amorolfine 0.25% Cream,Amorolfine,,Jan Aushadhi (PMBJP),Amorolfine 0.25%,0.25%,cream,,,,,Jan Aushadhi (PMBJP),https://janaushadhistore.in/shop/amorolfine-0-25-cream/
Amoxycillin 250mg and Cloxacillin 250mg Capsule,Amoxycillin,,Jan Aushadhi (PMBJP),Amoxycillin 250mg + Cloxacillin 250mg,250mg + 250mg,capsule,,,,,Jan Aushadhi (PMBJP),https://janaushadhistore.in/shop/amoxycillin-250mg-and-cloxacillin-250mg-capsule/
Amoxycillin 500mg and Clavulanic Acid 125mg Tablet,Amoxycillin,,Jan Aushadhi (PMBJP),Amoxycillin 500mg + Clavulanic Acid 125mg,500mg + 125mg,tablet,,,,,Jan Aushadhi (PMBJP),https://janaushadhistore.in/shop/amoxycillin-500mg-and-clavulanic-acid-125mg-tablet/
Amoxycillin 500mg Capsule,Amoxycillin,,Jan Aushadhi (PMBJP),Amoxycillin 500mg,500mg,capsule,,,,,Jan Aushadhi (PMBJP),https://janaushadhistore.in/shop/amoxycillin-500mg-capsule/
Ampicillin 250mg and Dicloxacillin 250mg Capsule,Ampicillin,,Jan Aushadhi (PMBJP),Ampicillin 250mg + Dicloxacillin 250mg,250mg + 250mg,capsule,,,,,Jan Aushadhi (PMBJP),https://janaushadhistore.in/shop/ampicillin-250mg-and-dicloxacillin-250mg-capsule/
Anastrozole 1mg Tablet,Anastrozole,,Jan Aushadhi (PMBJP),Anastrozole 1mg,1mg,tablet,,,,,Jan Aushadhi (PMBJP),https://janaushadhistore.in/shop/anastrozole-1mg-tablet/
Aspirin 150mg Tablet,Aspirin,,Jan Aushadhi (PMBJP),Aspirin 150mg,150mg,tablet,,,,,Jan Aushadhi (PMBJP),https://janaushadhistore.in/shop/aspirin-150mg-tablet/
Aspirin 325mg Tablet,Aspirin,,Jan Aushadhi (PMBJP),Aspirin 325mg,325mg,tablet,,,,,Jan Aushadhi (PMBJP),https://janaushadhistore.in/shop/aspirin-325mg-tablet/
Aspirin 75mg and Clopidogrel 75mg Tablet,Aspirin,,Jan Aushadhi (PMBJP),Aspirin 75mg + Clopidogrel 75mg,75mg + 75mg,tablet,,,,,Jan Aushadhi (PMBJP),https://janaushadhistore.in/shop/aspirin-75mg-and-clopidogrel-75mg-tablet/
Aspirin 75mg Tablet,Aspirin,,Jan Aushadhi (PMBJP),Aspirin 75mg,75mg,tablet,,,,,Jan Aushadhi (PMBJP),https://janaushadhistore.in/shop/aspirin-75mg-tablet/
Atenolol 25mg Tablet,Atenolol,,Jan Aushadhi (PMBJP),Atenolol 25mg,25mg,tablet,,,,,Jan Aushadhi (PMBJP),https://janaushadhistore.in/shop/atenolol-25mg-tablet/
Atenolol 50mg Tablet,Atenolol,,Jan Aushadhi (PMBJP),Atenolol 50mg,50mg,tablet,,,,,Jan Aushadhi (PMBJP),https://janaushadhistore.in/shop/atenolol-50mg-tablet/
Atorvastatin 10mg and Aspirin 75mg Capsule,Atorvastatin,,Jan Aushadhi (PMBJP),Atorvastatin 10mg + Aspirin 75mg,10mg + 75mg,capsule,,,,,Jan Aushadhi (PMBJP),https://janaushadhistore.in/shop/atorvastatin-10mg-and-aspirin-75mg-capsule/
Atorvastatin 10mg and Clopidogrel 75mg Capsule,Atorvastatin,,Jan Aushadhi (PMBJP),Atorvastatin 10mg + Clopidogrel 75mg,10mg + 75mg,capsule,,,,,Jan Aushadhi (PMBJP),https://janaushadhistore.in/shop/atorvastatin-10mg-and-clopidogrel-75mg-capsule/
Atorvastatin 10mg Tablet,Atorvastatin,,Jan Aushadhi (PMBJP),Atorvastatin 10mg,10mg,tablet,,,,,Jan Aushadhi (PMBJP),https://janaushadhistore.in/shop/atorvastatin-10mg-tablet/
Atorvastatin 20mg Tablet,Atorvastatin,,Jan Aushadhi (PMBJP),Atorvastatin 20mg,20mg,tablet,,,,,Jan Aushadhi (PMBJP),https://janaushadhistore.in/shop/atorvastatin-20mg-tablet/
Atorvastatin 40mg Tablet,Atorvastatin,,Jan Aushadhi (PMBJP),Atorvastatin 40mg,40mg,tablet,,,,,Jan Aushadhi (PMBJP),https://janaushadhistore.in/shop/atorvastatin-40mg-tablet/
Atorvastatin and Fenofibrate Tablet,Atorvastatin,,Jan Aushadhi (PMBJP),Atorvastatin 10mg + Fenofibrate 160mg,10mg + 160mg,tablet,,,,,Jan Aushadhi (PMBJP),https://janaushadhistore.in/shop/atorvastatin-and-fenofibrate-tablet/
Azathioprine 50mg Tablet,Azathioprine,,Jan Aushadhi (PMBJP),Azathioprine 50mg,50mg,tablet,,,,,Jan Aushadhi (PMBJP),https://janaushadhistore.in/shop/azathioprine-50mg-tablet/
Azilsartan Medoxomil 40mg and Chlorthalidone 12.5mg Tablet,Azilsartan Medoxomil,,Jan Aushadhi (PMBJP),Azilsartan Medoxomil 40mg + Chlorthalidone 12 + 5mg,40mg + 5mg,tablet,,,,,Jan Aushadhi (PMBJP),https://janaushadhistore.in/shop/azilsartan-medoxomil-40mg-and-chlorthalidone-12-5mg-tablet/
Azilsartan Medoxomil 40mg and Chlorthalidone 6.25mg Tablet,Azilsartan Medoxomil,,Jan Aushadhi (PMBJP),Azilsartan Medoxomil 40mg + Chlorthalidone 6 + 25mg,40mg + 25mg,tablet,,,,,Jan Aushadhi (PMBJP),https://janaushadhistore.in/shop/azilsartan-medoxomil-40mg-and-chlorthalidone-6-25mg-tablet/
Azilsartan Medoxomil 40mg Tablet,Azilsartan Medoxomil,,Jan Aushadhi (PMBJP),Azilsartan Medoxomil 40mg,40mg,tablet,,,,,Jan Aushadhi (PMBJP),https://janaushadhistore.in/shop/azilsartan-medoxomil-40mg-tablet/
Azithromycin 250mg Tablet,Azithromycin,,Jan Aushadhi (PMBJP),Azithromycin 250mg,250mg,tablet,,,,,Jan Aushadhi (PMBJP),https://janaushadhistore.in/shop/azithromycin-250mg-tablet/
Azithromycin 500mg Tablet,Azithromycin,,Jan Aushadhi (PMBJP),Azithromycin 500mg,500mg,tablet,,,,,Jan Aushadhi (PMBJP),https://janaushadhistore.in/shop/azithromycin-500mg-tablet/
Baclofen 10mg Tablet,Baclofen,,Jan Aushadhi (PMBJP),Baclofen 10mg,10mg,tablet,,,,,Jan Aushadhi (PMBJP),https://janaushadhistore.in/shop/baclofen-10mg-tablet/
Beclometasone and Clotrimazole Cream,Beclometasone,,Jan Aushadhi (PMBJP),Beclometasone 0.025% + Clotrimazole 1 + 25,0.025%,cream,,,,,Jan Aushadhi (PMBJP),https://janaushadhistore.in/shop/beclometasone-and-clotrimazole-cream/
Beclometasone and Neomycin Cream,Beclometasone,,Jan Aushadhi (PMBJP),Beclometasone 0.25% + Neomycin 0.5%,0.25% + 0.5%,cream,,,,,Jan Aushadhi (PMBJP),https://janaushadhistore.in/shop/beclometasone-and-neomycin-cream/
"Beclometasone, Clotrimazole and Gentamicin Cream",Beclometasone,,Jan Aushadhi (PMBJP),Beclometasone 0.025% + Clotrimazole 1 + 25 + Gentamicin 0.1%,0.025% + 0.1%,cream,,,,,Jan Aushadhi (PMBJP),https://janaushadhistore.in/shop/beclometasone-clotrimazole-and-gentamicin-cream/
Betahistine 8mg Tablet,Betahistine,,Jan Aushadhi (PMBJP),Betahistine 8mg,8mg,tablet,,,,,Jan Aushadhi (PMBJP),https://janaushadhistore.in/shop/betahistine-8mg-tablet/
Betamethasone and Fusidic Acid Cream,Betamethasone,,Jan Aushadhi (PMBJP),Betamethasone 0.1% + Fusidic Acid 2 + 25,0.1%,cream,,,,,Jan Aushadhi (PMBJP),https://janaushadhistore.in/shop/betamethasone-and-fusidic-acid-cream/
Betamethasone and Neomycin Cream,Betamethasone,,Jan Aushadhi (PMBJP),Betamethasone 0.1% + Neomycin 0.5%,0.1% + 0.5%,cream,,,,,Jan Aushadhi (PMBJP),https://janaushadhistore.in/shop/betamethasone-and-neomycin-cream/
Betamethasone and Salicylic Acid Ointment,Betamethasone,,Jan Aushadhi (PMBJP),Betamethasone 0.1% + Salicylic Acid 3 + 25,0.1%,ointment,,,,,Jan Aushadhi (PMBJP),https://janaushadhistore.in/shop/betamethasone-and-salicylic-acid-ointment/
Betamethasone Cream,Betamethasone,,Jan Aushadhi (PMBJP),Betamethasone 0.1%,0.1%,cream,,,,,Jan Aushadhi (PMBJP),https://janaushadhistore.in/shop/betamethasone-cream/
Bimatoprost Ophthalmic Solution,Bimatoprost,,Jan Aushadhi (PMBJP),Bimatoprost 0.03% + V,0.03%,solution,,,,,Jan Aushadhi (PMBJP),https://janaushadhistore.in/shop/bimatoprost-ophthalmic-solution/
Biotin 10mg Tablet,Biotin,,Jan Aushadhi (PMBJP),Biotin 10mg,10mg,tablet,,,,,Jan Aushadhi (PMBJP),https://janaushadhistore.in/shop/biotin-10mg-tablet/
Biphasic Isophane 30/70 Insulin,Insulin Isophane Nph,,Jan Aushadhi (PMBJP),Insulin Isophane Nph 70 + Human Insulin Soluble Insulin 30,70 + 30,injection,,,,,Jan Aushadhi (PMBJP),https://janaushadhistore.in/shop/biphasic-isophane-30-70-insulin/
Biphasic Isophane Insulin 30/70 Cartridge,Insulin Isophane Nph,,Jan Aushadhi (PMBJP),Insulin Isophane Nph 70 + Human Insulin Soluble Insulin 30,70 + 30,cartridge refill,,,,,Jan Aushadhi (PMBJP),https://janaushadhistore.in/shop/biphasic-isophane-insulin-30-70-cartridge/
Biphasic Isophane Insulin 50/50 40iu/ml,Insulin Isophane Nph,,Jan Aushadhi (PMBJP),Insulin Isophane Nph 50 + Human Insulin Soluble Insulin 50,50 + 50,injection,,,,,Jan Aushadhi (PMBJP),https://janaushadhistore.in/shop/biphasic-isophane-insulin-50-50-40iu-ml/
Bisacodyl 5mg Tablet,Bisacodyl,,Jan Aushadhi (PMBJP),Bisacodyl 5mg,5mg,tablet,,,,,Jan Aushadhi (PMBJP),https://janaushadhistore.in/shop/bisacodyl-5mg-tablet/
Bisoprolol 5mg Tablet,Bisoprolol,,Jan Aushadhi (PMBJP),Bisoprolol 5mg,5mg,tablet,,,,,Jan Aushadhi (PMBJP),https://janaushadhistore.in/shop/bisoprolol-5mg-tablet/
Calamine Lotion,,,Jan Aushadhi (PMBJP),Calamine Lotion,Calamine,lotion,,,,,Jan Aushadhi (PMBJP),https://janaushadhistore.in/shop/calamine-lotion/
Calcitriol 0.25mcg Capsule,Calcitriol,,Jan Aushadhi (PMBJP),Calcitriol 0 + 25mcg,25mcg,capsule,,,,,Jan Aushadhi (PMBJP),https://janaushadhistore.in/shop/calcitriol-0-25mcg-capsule/
"Calcium L-5-Methyltetrahydrofolatem, Methylcobalamin and Pyridoxal-5-Phosphate Tablet",,,Jan Aushadhi (PMBJP),"Calcium L-5-Methyltetrahydrofolatem, Methylcobalamin and Pyridoxal-5-Phosphate Tablet",5 + 5,tablet,,,,,Jan Aushadhi (PMBJP),https://janaushadhistore.in/shop/calcium-l-5-methyltetrahydrofolatem-methylcobalamin-and-pyridoxal-5-phosphate-tablet/
Carboxymethylcellulose Eye Drop,Carboxymethylcellulose,,Jan Aushadhi (PMBJP),Carboxymethylcellulose 1 + 25 + V,1 + 25,drops,,,,,Jan Aushadhi (PMBJP),https://janaushadhistore.in/shop/carboxymethylcellulose-eye-drop/
Carvedilol 3.125mg Tablet,Carvedilol,,Jan Aushadhi (PMBJP),Carvedilol 3 + 125mg,125mg,tablet,,,,,Jan Aushadhi (PMBJP),https://janaushadhistore.in/shop/carvedilol-3-125mg-tablet/
Carvedilol 6.25mg Tablet,Carvedilol,,Jan Aushadhi (PMBJP),Carvedilol 6 + 25mg,25mg,tablet,,,,,Jan Aushadhi (PMBJP),https://janaushadhistore.in/shop/carvedilol-6-25mg-tablet/
Cefixime 100mg Tablet,Cefixime,,Jan Aushadhi (PMBJP),Cefixime 100mg,100mg,tablet,,,,,Jan Aushadhi (PMBJP),https://janaushadhistore.in/shop/cefixime-100mg-tablet/
Cefixime 200mg and Ofloxacin 200mg Tablet,Cefixime,,Jan Aushadhi (PMBJP),Cefixime 200mg + Ofloxacin 200mg,200mg + 200mg,tablet,,,,,Jan Aushadhi (PMBJP),https://janaushadhistore.in/shop/cefixime-200mg-and-ofloxacin-200mg-tablet/
Cefixime 200mg Tablet,Cefixime,,Jan Aushadhi (PMBJP),Cefixime 200mg,200mg,tablet,,,,,Jan Aushadhi (PMBJP),https://janaushadhistore.in/shop/cefixime-200mg-tablet/
Cefpodoxime Proxetil 200mg Tablet,Cefpodoxime Proxetil,,Jan Aushadhi (PMBJP),Cefpodoxime Proxetil 200mg,200mg,tablet,,,,,Jan Aushadhi (PMBJP),https://janaushadhistore.in/shop/cefpodoxime-proxetil-200mg-tablet/
Cefuroxime 250mg Tablet,Cefuroxime,,Jan Aushadhi (PMBJP),Cefuroxime 250mg,250mg,tablet,,,,,Jan Aushadhi (PMBJP),https://janaushadhistore.in/shop/cefuroxime-250mg-tablet/
Cefuroxime 500mg Tablet,Cefuroxime,,Jan Aushadhi (PMBJP),Cefuroxime 500mg,500mg,tablet,,,,,Jan Aushadhi (PMBJP),https://janaushadhistore.in/shop/cefuroxime-500mg-tablet/
Cetirizine 10mg Tablet,Cetirizine,,Jan Aushadhi (PMBJP),Cetirizine 10mg,10mg,tablet,,,,,Jan Aushadhi (PMBJP),https://janaushadhistore.in/shop/cetirizine-10mg-tablet/
"Cetirizine, Paracetamol and Phenylephrine Tablet",Cetirizine,,Jan Aushadhi (PMBJP),Cetirizine 5mg + Paracetamol 325mg + Phenylephrine 10mg,5mg + 325mg + 10mg,tablet,,,,,Jan Aushadhi (PMBJP),https://janaushadhistore.in/shop/cetirizine-paracetamol-and-phenylephrine-tablet/
"Chlorpheniramine Maleate, Paracetamol and Phenylephrine Tablet",Chlorpheniramine Maleate,,Jan Aushadhi (PMBJP),Chlorpheniramine Maleate 2mg + Paracetamol 325mg + Phenylephrine 10mg,2mg + 325mg + 10mg,tablet,,,,,Jan Aushadhi (PMBJP),https://janaushadhistore.in/shop/chlorpheniramine-maleate-paracetamol-and-phenylephrine-tablet/
"Chlorpheniramine, Paracetamol and Phenylephrine Oral Drops",Chlorpheniramine Maleate,,Jan Aushadhi (PMBJP),Chlorpheniramine Maleate 1mg + Paracetamol 125mg + Phenylephrine 2 + 5mg,1mg + 125mg + 5mg,drops,,,,,Jan Aushadhi (PMBJP),https://janaushadhistore.in/shop/chlorpheniramine-paracetamol-and-phenylephrine-oral-drops/
Choline Salicylate Mouth Ulcer Gel,Choline Salicylate,,Jan Aushadhi (PMBJP),Choline Salicylate 9 + 25 + V,9 + 25,gel,,,,,Jan Aushadhi (PMBJP),https://janaushadhistore.in/shop/choline-salicylate-mouth-ulcer-gel/
Cilnidipine 10mg and Telmisartan 40mg Tablet,Cilnidipine,,Jan Aushadhi (PMBJP),Cilnidipine 10mg + Telmisartan 40mg,10mg + 40mg,tablet,,,,,Jan Aushadhi (PMBJP),https://janaushadhistore.in/shop/cilnidipine-10mg-and-telmisartan-40mg-tablet/
Cilnidipine 20mg Tablet,Cilnidipine,,Jan Aushadhi (PMBJP),Cilnidipine 20mg,20mg,tablet,,,,,Jan Aushadhi (PMBJP),https://janaushadhistore.in/shop/cilnidipine-20mg-tablet/
Cilnidipine 5mg Tablet,Cilnidipine,,Jan Aushadhi (PMBJP),Cilnidipine 5mg,5mg,tablet,,,,,Jan Aushadhi (PMBJP),https://janaushadhistore.in/shop/cilnidipine-5mg-tablet/
Ciprofloxacin 250mg and Tinidazole 300mg Tablet,Ciprofloxacin,,Jan Aushadhi (PMBJP),Ciprofloxacin 250mg + Tinidazole 300mg,250mg + 300mg,tablet,,,,,Jan Aushadhi (PMBJP),https://janaushadhistore.in/shop/ciprofloxacin-250mg-and-tinidazole-300mg-tablet/
Ciprofloxacin 250mg Tablet,Ciprofloxacin,,Jan Aushadhi (PMBJP),Ciprofloxacin 250mg,250mg,tablet,,,,,Jan Aushadhi (PMBJP),https://janaushadhistore.in/shop/ciprofloxacin-250mg-tablet/
Ciprofloxacin and Tinidazole Tablet,Ciprofloxacin,,Jan Aushadhi (PMBJP),Ciprofloxacin 500mg + Tinidazole 600mg,500mg + 600mg,tablet,,,,,Jan Aushadhi (PMBJP),https://janaushadhistore.in/shop/ciprofloxacin-and-tinidazole-tablet/
Citicoline 500mg Tablet,Citicoline,,Jan Aushadhi (PMBJP),Citicoline 500mg,500mg,tablet,,,,,Jan Aushadhi (PMBJP),https://janaushadhistore.in/shop/citicoline-500mg-tablet/
Clarithromycin 500mg Tablet,Clarithromycin,,Jan Aushadhi (PMBJP),Clarithromycin 500mg,500mg,tablet,,,,,Jan Aushadhi (PMBJP),https://janaushadhistore.in/shop/clarithromycin-500mg-tablet/
Clobetasol Cream,Clobetasol,,Jan Aushadhi (PMBJP),Clobetasol 0.05%,0.05%,cream,,,,,Jan Aushadhi (PMBJP),https://janaushadhistore.in/shop/clobetasol-cream/
"Clobetasol, Neomycin, Miconazole and Chlorocresol Cream",Clobetasol,,Jan Aushadhi (PMBJP),Clobetasol 0.05% + Neomycin 0.5% + Miconazole 2 + 25 + Chlorocresol 0.1%,0.05% + 0.5% + 0.1%,cream,,,,,Jan Aushadhi (PMBJP),https://janaushadhistore.in/shop/clobetasol-neomycin-miconazole-and-chlorocresol-cream/
Clomipramine 75mg Tablet,Clomipramine,,Jan Aushadhi (PMBJP),Clomipramine 75mg,75mg,tablet,,,,,Jan Aushadhi (PMBJP),https://janaushadhistore.in/shop/clomipramine-75mg-tablet/
Clopidogrel 75mg Tablet,Clopidogrel,,Jan Aushadhi (PMBJP),Clopidogrel 75mg,75mg,tablet,,,,,Jan Aushadhi (PMBJP),https://janaushadhistore.in/shop/clopidogrel-75mg-tablet/
Clotrimazole 1% Dusting Powder,Clotrimazole,,Jan Aushadhi (PMBJP),Clotrimazole 1 + 25,1 + 25,powder,,,,,Jan Aushadhi (PMBJP),https://janaushadhistore.in/shop/clotrimazole-1-dusting-powder/
Clotrimazole Cream,Clotrimazole,,Jan Aushadhi (PMBJP),Clotrimazole 1 + 25,1 + 25,cream,,,,,Jan Aushadhi (PMBJP),https://janaushadhistore.in/shop/clotrimazole-cream/
Diclofenac 100mg Prolonged Release Tablet,Diclofenac,,Jan Aushadhi (PMBJP),Diclofenac 100mg,100mg,tablet,,,,,Jan Aushadhi (PMBJP),https://janaushadhistore.in/shop/diclofenac-100mg-prolonged-release-tablet/
Diclofenac 50mg Tablet,Diclofenac,,Jan Aushadhi (PMBJP),Diclofenac 50mg,50mg,tablet,,,,,Jan Aushadhi (PMBJP),https://janaushadhistore.in/shop/diclofenac-50mg-tablet/
Diclofenac 75mg Prolonged Release Tablet,Diclofenac,,Jan Aushadhi (PMBJP),Diclofenac 75mg,75mg,tablet,,,,,Jan Aushadhi (PMBJP),https://janaushadhistore.in/shop/diclofenac-75mg-prolonged-release-tablet/
"Diclofenac Diethylamine, Linseed Oil, Methyl Salicylate and Menthol Gel",Diclofenac Diethylamine,,Jan Aushadhi (PMBJP),Diclofenac Diethylamine 1.16% + Linseed Oil 3 + 25 + Methyl Salicylate 10 + 25 + Menthol 5 + 25,1.16%,gel,,,,,Jan Aushadhi (PMBJP),https://janaushadhistore.in/shop/diclofenac-diethylamine-linseed-oil-methyl-salicylate-and-menthol-gel/
"Diclofenac Diethylamine, Linseed Oil, Methyl Salicylate and Menthol Spray",Diclofenac Diethylamine,,Jan Aushadhi (PMBJP),Diclofenac Diethylamine 1.16% + Linseed Oil 3 + 25 + Methyl Salicylate 10 + 25 + Menthol 5 + 25,1.16%,spray,,,,,Jan Aushadhi (PMBJP),https://janaushadhistore.in/shop/diclofenac-diethylamine-linseed-oil-methyl-salicylate-and-menthol-spray/
"Diclofenac, Paracetamol and Serratiopeptidase Tablet",Diclofenac,,Jan Aushadhi (PMBJP),Diclofenac 50mg + Paracetamol 325mg + Serratiopeptidase 10mg,50mg + 325mg + 10mg,tablet,,,,,Jan Aushadhi (PMBJP),https://janaushadhistore.in/shop/diclofenac-paracetamol-and-serratiopeptidase-tablet/
Dicyclomine 20mg and Paracetamol 325mg Tablet,Dicyclomine,,Jan Aushadhi (PMBJP),Dicyclomine 20mg + Paracetamol 325mg,20mg + 325mg,tablet,,,,,Jan Aushadhi (PMBJP),https://janaushadhistore.in/shop/dicyclomine-20mg-and-paracetamol-500mg-tablet/
Digoxin 0.25mg Tablet,Digoxin,,Jan Aushadhi (PMBJP),Digoxin 0 + 25mg,25mg,tablet,,,,,Jan Aushadhi (PMBJP),https://janaushadhistore.in/shop/digoxin-0-25mg-tablet/
Disodium Hydrogen Citrate Oral Solution,Disodium Hydrogen Citrate,,Jan Aushadhi (PMBJP),Disodium Hydrogen Citrate 1 + 4gm 5ml,4g + 5ml,solution,,,,,Jan Aushadhi (PMBJP),https://janaushadhistore.in/shop/disodium-hydrogen-citrate-oral-solution/
Domperidone 10mg and Omeprazole 20mg Capsule,Domperidone,,Jan Aushadhi (PMBJP),Domperidone 10mg + Omeprazole 20mg,10mg + 20mg,capsule,,,,,Jan Aushadhi (PMBJP),https://janaushadhistore.in/shop/domperidone-10mg-and-omeprazole-20mg-capsule/
Domperidone 10mg and Pantoprazole 20mg Capsule,Domperidone,,Jan Aushadhi (PMBJP),Domperidone 10mg + Pantoprazole 20mg,10mg + 20mg,capsule,,,,,Jan Aushadhi (PMBJP),https://janaushadhistore.in/shop/domperidone-10mg-and-pantoprazole-20mg-capsule/
Domperidone 10mg and Ranitidine 150mg Tablet,Domperidone,,Jan Aushadhi (PMBJP),Domperidone 10mg + Ranitidine 150mg,10mg + 150mg,tablet,,,,,Jan Aushadhi (PMBJP),https://janaushadhistore.in/shop/domperidone-10mg-and-ranitidine-150mg-tablet/
Domperidone 30mg and Esomeprazole 40mg Capsule,Domperidone,,Jan Aushadhi (PMBJP),Domperidone 30mg + Esomeprazole 40mg,30mg + 40mg,capsule,,,,,Jan Aushadhi (PMBJP),https://janaushadhistore.in/shop/domperidone-30mg-and-esomeprazole-40mg-capsule/
Domperidone 30mg and Pantoprazole 40mg Capsule,Domperidone,,Jan Aushadhi (PMBJP),Domperidone 30mg + Pantoprazole 40mg,30mg + 40mg,capsule,,,,,Jan Aushadhi (PMBJP),https://janaushadhistore.in/shop/domperidone-30mg-and-pantoprazole-40mg-capsule/
Domperidone 30mg and Rabeprazole 20mg Capsule,Domperidone,,Jan Aushadhi (PMBJP),Domperidone 30mg + Rabeprazole 20mg,30mg + 20mg,capsule,,,,,Jan Aushadhi (PMBJP),https://janaushadhistore.in/shop/domperidone-30mg-and-rabeprazole-20mg-capsule/
Dorzolamide 2% Eye Drop,Dorzolamide,,Jan Aushadhi (PMBJP),Dorzolamide 2 + 25 + V,2 + 25,drops,,,,,Jan Aushadhi (PMBJP),https://janaushadhistore.in/shop/dorzolamide-2-eye-drop/
Dorzolamide and Timolol Eye Drop,Dorzolamide,,Jan Aushadhi (PMBJP),Dorzolamide 2 + 25 + V Timolol 0.5% + V,0.5%,drops,,,,,Jan Aushadhi (PMBJP),https://janaushadhistore.in/shop/dorzolamide-and-timolol-eye-drop/
Doxycycline 100mg Capsule,Doxycycline,,Jan Aushadhi (PMBJP),Doxycycline 100mg,100mg,capsule,,,,,Jan Aushadhi (PMBJP),https://janaushadhistore.in/shop/doxycycline-100mg-capsule/
Doxylamine and Pyridoxine Tablet,Doxylamine,,Jan Aushadhi (PMBJP),Doxylamine 10mg + Vitamin b6 Pyridoxine 10mg,10mg + 10mg,tablet,,,,,Jan Aushadhi (PMBJP),https://janaushadhistore.in/shop/doxylamine-and-pyridoxine-tablet/
Drotaverine 80mg and Aceclofenac 100mg Tablet,Drotaverine,,Jan Aushadhi (PMBJP),Drotaverine 80mg + Aceclofenac 100mg,80mg + 100mg,tablet,,,,,Jan Aushadhi (PMBJP),https://janaushadhistore.in/shop/drotaverine-80mg-and-aceclofenac-100mg-tablet/
Enalapril 5mg Tablet,Enalapril,,Jan Aushadhi (PMBJP),Enalapril 5mg,5mg,tablet,,,,,Jan Aushadhi (PMBJP),https://janaushadhistore.in/shop/enalapril-5mg-tablet/
Enoxaparin 40mg Injection,Enoxaparin,,Jan Aushadhi (PMBJP),Enoxaparin 40mg,40mg,injection,,,,,Jan Aushadhi (PMBJP),https://janaushadhistore.in/shop/enoxaparin-40mg-injection/
Escitalopram Oxalate 10mg Tablet,Escitalopram Oxalate,,Jan Aushadhi (PMBJP),Escitalopram Oxalate 10mg,10mg,tablet,,,,,Jan Aushadhi (PMBJP),https://janaushadhistore.in/shop/escitalopram-oxalate-10mg-tablet/
Escitalopram Oxalate 20mg Tablet,Escitalopram Oxalate,,Jan Aushadhi (PMBJP),Escitalopram Oxalate 20mg,20mg,tablet,,,,,Jan Aushadhi (PMBJP),https://janaushadhistore.in/shop/escitalopram-oxalate-20mg-tablet/
Esomeprazole 40mg Tablet,Esomeprazole,,Jan Aushadhi (PMBJP),Esomeprazole 40mg,40mg,tablet,,,,,Jan Aushadhi (PMBJP),https://janaushadhistore.in/shop/esomeprazole-40mg-tablet/
Ethinyl Estradiol and Desogestrel Tablet,Ethinyl Estradiol,,Jan Aushadhi (PMBJP),Ethinyl Estradiol 0 + 03mg + Desogestrel 0 + 15mg,03mg + 15mg,tablet,,,,,Jan Aushadhi (PMBJP),https://janaushadhistore.in/shop/ethinyl-estradiol-and-desogestrel-tablet/
Ethinyl Estradiol and Levonorgestrel Tablet,Ethinyl Estradiol,,Jan Aushadhi (PMBJP),Ethinyl Estradiol 0 + 03mg + Levonorgestrel 0 + 15mg,03mg + 15mg,tablet,,,,,Jan Aushadhi (PMBJP),https://janaushadhistore.in/shop/ethinyl-estradiol-and-levonorgestrel-tablet/
Etofylline and Theophylline 150mg Prolonged Release Tablet,Etofylline,,Jan Aushadhi (PMBJP),Etofylline 115mg + Theophylline 35mg,115mg + 35mg,tablet,,,,,Jan Aushadhi (PMBJP),https://janaushadhistore.in/shop/etofylline-and-theophylline-150mg-prolonged-release-tablet/
Etofylline and Theophylline 300mg Prolonged Release Tablet,Etofylline,,Jan Aushadhi (PMBJP),Etofylline 231mg + Theophylline 69mg,231mg + 69mg,tablet,,,,,Jan Aushadhi (PMBJP),https://janaushadhistore.in/shop/etofylline-and-theophylline-300mg-prolonged-release-tablet/
Etoricoxib 120mg Tablet,Etoricoxib,,Jan Aushadhi (PMBJP),Etoricoxib 120mg,120mg,tablet,,,,,Jan Aushadhi (PMBJP),https://janaushadhistore.in/shop/etoricoxib-120mg-tablet/
Etoricoxib 60mg and Thiocolchicoside 4mg Tablet,Etoricoxib,,Jan Aushadhi (PMBJP),Etoricoxib 60mg + Thiocolchicoside 4mg,60mg + 4mg,tablet,,,,,Jan Aushadhi (PMBJP),https://janaushadhistore.in/shop/etoricoxib-60mg-and-thiocolchicoside-4mg-tablet/
Etoricoxib 90mg Tablet,Etoricoxib,,Jan Aushadhi (PMBJP),Etoricoxib 90mg,90mg,tablet,,,,,Jan Aushadhi (PMBJP),https://janaushadhistore.in/shop/etoricoxib-90mg-tablet/
Febuxostat 80mg Tablet,Febuxostat,,Jan Aushadhi (PMBJP),Febuxostat 80mg,80mg,tablet,,,,,Jan Aushadhi (PMBJP),https://janaushadhistore.in/shop/febuxostat-80mg-tablet/
Fenofibrate 160mg Tablet,Fenofibrate,,Jan Aushadhi (PMBJP),Fenofibrate 160mg,160mg,tablet,,,,,Jan Aushadhi (PMBJP),https://janaushadhistore.in/shop/fenofibrate-160mg-tablet/
Ferrous Ascorbate and Folic Acid Tablet,Ferrous Ascorbate,,Jan Aushadhi (PMBJP),Ferrous Ascorbate 100mg + Folic Acid 1 + 5mg,100mg + 5mg,tablet,,,,,Jan Aushadhi (PMBJP),https://janaushadhistore.in/shop/ferrous-ascorbate-and-folic-acid-tablet/
Fexofenadine 120mg Tablet,Fexofenadine,,Jan Aushadhi (PMBJP),Fexofenadine 120mg,120mg,tablet,,,,,Jan Aushadhi (PMBJP),https://janaushadhistore.in/shop/fexofenadine-120mg-tablet/
Fexofenadine 180mg Tablet,Fexofenadine,,Jan Aushadhi (PMBJP),Fexofenadine 180mg,180mg,tablet,,,,,Jan Aushadhi (PMBJP),https://janaushadhistore.in/shop/fexofenadine-180mg-tablet/
Fluconazole 150mg Tablet,Fluconazole,,Jan Aushadhi (PMBJP),Fluconazole 150mg,150mg,tablet,,,,,Jan Aushadhi (PMBJP),https://janaushadhistore.in/shop/fluconazole-150mg-tablet/
Flunarizine 10mg Tablet,Flunarizine,,Jan Aushadhi (PMBJP),Flunarizine 10mg,10mg,tablet,,,,,Jan Aushadhi (PMBJP),https://janaushadhistore.in/shop/flunarizine-10mg-tablet/
Fluocinolone Acetonide and Miconazole Ointment,Fluocinolone Acetonide,,Jan Aushadhi (PMBJP),Fluocinolone Acetonide 0.01% + Miconazole 2 + 25,0.01%,ointment,,,,,Jan Aushadhi (PMBJP),https://janaushadhistore.in/shop/fluocinolone-acetonide-and-miconazole-ointment/
Fluticasone Propionate Cream,Fluticasone Propionate,,Jan Aushadhi (PMBJP),Fluticasone Propionate 0.05%,0.05%,cream,,,,,Jan Aushadhi (PMBJP),https://janaushadhistore.in/shop/fluticasone-propionate-cream/
Formoterol 12mcg and Budesonide 400mcg Inhalation Capsule,Formoterol,,Jan Aushadhi (PMBJP),Formoterol 12mcg + Budesonide 400mcg,12mcg + 400mcg,capsule,,,,,Jan Aushadhi (PMBJP),https://janaushadhistore.in/shop/formoterol-12mcg-and-budesonide-400mcg-inhalation-capsule/
Formoterol 6mcg and Budesonide 400mcg Inhalation Capsule,Formoterol,,Jan Aushadhi (PMBJP),Formoterol 6mcg + Budesonide 400mcg,6mcg + 400mcg,capsule,,,,,Jan Aushadhi (PMBJP),https://janaushadhistore.in/shop/formoterol-6mcg-and-budesonide-400mcg-inhalation-capsule/
Furosemide 20mg and Spironolactone 50mg Tablet,Furosemide,,Jan Aushadhi (PMBJP),Furosemide 20mg + Spironolactone 50mg,20mg + 50mg,tablet,,,,,Jan Aushadhi (PMBJP),https://janaushadhistore.in/shop/furosemide-20mg-and-spironolactone-50mg-tablet/
Furosemide 40mg Tablet,Furosemide,,Jan Aushadhi (PMBJP),Furosemide 40mg,40mg,tablet,,,,,Jan Aushadhi (PMBJP),https://janaushadhistore.in/shop/furosemide-40mg-tablet-2/
Fusidic Acid Cream,Fusidic Acid,,Jan Aushadhi (PMBJP),Fusidic Acid 2 + 25,2 + 25,cream,,,,,Jan Aushadhi (PMBJP),https://janaushadhistore.in/shop/fusidic-acid-cream/
Gabapentin 100mg and Methylcobalamin 500mcg Tablet,Gabapentin,,Jan Aushadhi (PMBJP),Gabapentin 100mg + Methylcobalamin 500mcg,100mg + 500mcg,tablet,,,,,Jan Aushadhi (PMBJP),https://janaushadhistore.in/shop/gabapentin-100mg-and-methylcobalamin-500mcg-tablet/
Gabapentin 300mg and Amitriptyline 10mg Tablet,Gabapentin,,Jan Aushadhi (PMBJP),Gabapentin 300mg + Amitriptyline 10mg,300mg + 10mg,tablet,,,,,Jan Aushadhi (PMBJP),https://janaushadhistore.in/shop/gabapentin-300mg-and-amitriptyline-10mg-tablet/
Gabapentin 300mg Capsule,Gabapentin,,Jan Aushadhi (PMBJP),Gabapentin 300mg,300mg,capsule,,,,,Jan Aushadhi (PMBJP),https://janaushadhistore.in/shop/gabapentin-300mg-capsule/
Gabapentin 400mg and Nortriptyline 10mg Tablet,Gabapentin,,Jan Aushadhi (PMBJP),Gabapentin 400mg + Nortriptyline 10mg,400mg + 10mg,tablet,,,,,Jan Aushadhi (PMBJP),https://janaushadhistore.in/shop/gabapentin-400mg-and-nortriptyline-10mg-tablet/
Gentamicin 0.3% Eye Drop,Gentamicin,,Jan Aushadhi (PMBJP),Gentamicin 0.3% + V,0.3%,drops,,,,,Jan Aushadhi (PMBJP),https://janaushadhistore.in/shop/gentamicin-0-3-eye-drop/
Glargine Insulin Refill Cartridge 100iu/ml,Insulin Glargine,,Jan Aushadhi (PMBJP),Insulin Glargine 100iu,100IU,cartridge refill,,,,,Jan Aushadhi (PMBJP),https://janaushadhistore.in/shop/glargine-insulin-refill-cartridge-100iu-ml/
Glibenclamide 2.5mg Tablet,Glibenclamide,,Jan Aushadhi (PMBJP),Glibenclamide 2 + 5mg,5mg,tablet,,,,,Jan Aushadhi (PMBJP),https://janaushadhistore.in/shop/glibenclamide-2-5mg-tablet/
Glibenclamide 5mg and Metformin 500mg Tablet,Glibenclamide,,Jan Aushadhi (PMBJP),Glibenclamide 5mg + Metformin 500mg,5mg + 500mg,tablet,,,,,Jan Aushadhi (PMBJP),https://janaushadhistore.in/shop/glibenclamide-5mg-and-metformin-500mg-tablet/
Glibenclamide 5mg Tablet,Glibenclamide,,Jan Aushadhi (PMBJP),Glibenclamide 5mg,5mg,tablet,,,,,Jan Aushadhi (PMBJP),https://janaushadhistore.in/shop/glibenclamide-5mg-tablet/
Gliclazide 40mg Tablet,Gliclazide,,Jan Aushadhi (PMBJP),Gliclazide 40mg,40mg,tablet,,,,,Jan Aushadhi (PMBJP),https://janaushadhistore.in/shop/gliclazide-40mg-tablet/
Gliclazide 60mg Tablet,Gliclazide,,Jan Aushadhi (PMBJP),Gliclazide 60mg,60mg,tablet,,,,,Jan Aushadhi (PMBJP),https://janaushadhistore.in/shop/gliclazide-60mg-tablet/
Gliclazide 80mg and Metformin 500mg Tablet,Gliclazide,,Jan Aushadhi (PMBJP),Gliclazide 80mg + Metformin 500mg,80mg + 500mg,tablet,,,,,Jan Aushadhi (PMBJP),https://janaushadhistore.in/shop/gliclazide-80mg-and-metformin-500mg-tablet/
Gliclazide 80mg Tablet,Gliclazide,,Jan Aushadhi (PMBJP),Gliclazide 80mg,80mg,tablet,,,,,Jan Aushadhi (PMBJP),https://janaushadhistore.in/shop/gliclazide-80mg-tablet/
Glimepiride 1mg and Metformin 500mg Tablet,Glimepiride,,Jan Aushadhi (PMBJP),Glimepiride 1mg + Metformin 500mg,1mg + 500mg,tablet,,,,,Jan Aushadhi (PMBJP),https://janaushadhistore.in/shop/glimepiride-1mg-and-metformin-500mg-tablet/
Glimepiride 1mg Tablet,Glimepiride,,Jan Aushadhi (PMBJP),Glimepiride 1mg,1mg,tablet,,,,,Jan Aushadhi (PMBJP),https://janaushadhistore.in/shop/glimepiride-1mg-tablet/
Glimepiride 2mg and Metformin 1000mg Tablet,Glimepiride,,Jan Aushadhi (PMBJP),Glimepiride 2mg + Metformin 1000mg,2mg + 1000mg,tablet,,,,,Jan Aushadhi (PMBJP),https://janaushadhistore.in/shop/glimepiride-2mg-and-metformin-1000mg-tablet/
Glimepiride 2mg and Metformin 500mg Tablet,Glimepiride,,Jan Aushadhi (PMBJP),Glimepiride 2mg + Metformin 500mg,2mg + 500mg,tablet,,,,,Jan Aushadhi (PMBJP),https://janaushadhistore.in/shop/glimepiride-2mg-and-metformin-500mg-tablet/
Glimepiride 2mg Tablet,Glimepiride,,Jan Aushadhi (PMBJP),Glimepiride 2mg,2mg,tablet,,,,,Jan Aushadhi (PMBJP),https://janaushadhistore.in/shop/glimepiride-2mg-tablet/
Glimepiride 3mg Tablet,Glimepiride,,Jan Aushadhi (PMBJP),Glimepiride 3mg,3mg,tablet,,,,,Jan Aushadhi (PMBJP),https://janaushadhistore.in/shop/glimepiride-3mg-tablet/
Glimepiride 4mg Tablet,Glimepiride,,Jan Aushadhi (PMBJP),Glimepiride 4mg,4mg,tablet,,,,,Jan Aushadhi (PMBJP),https://janaushadhistore.in/shop/glimepiride-4mg-tablet/
"Guaifenesin, Terbutaline and Bromhexine Cough Syrup",Guaifenesin,,Jan Aushadhi (PMBJP),Guaifenesin 100mg + Terbutaline 2 + 5mg + Bromhexine 8mg,100mg + 5mg + 8mg,syrup,,,,,Jan Aushadhi (PMBJP),https://janaushadhistore.in/shop/guaifenesin-terbutaline-and-bromhexine-cough-syrup/
Hydrocortisone 100mg Injection,Hydrocortisone,,Jan Aushadhi (PMBJP),Hydrocortisone 100mg,100mg,injection,,,,,Jan Aushadhi (PMBJP),https://janaushadhistore.in/shop/hydrocortisone-100mg-injection/
"Hydroquinone, Mometasone and Tretinoin Cream",Hydroquinone,,Jan Aushadhi (PMBJP),Hydroquinone 2 + 25 + Mometasone 0.1% + Tretinoin 0.025%,0.1% + 0.025%,cream,,,,,Jan Aushadhi (PMBJP),https://janaushadhistore.in/shop/hydroquinone-mometasone-and-tretinoin-cream/
Hydroxypropylmethylcellulose Eye Drop,Hydroxypropylmethylcellulose,,Jan Aushadhi (PMBJP),Hydroxypropylmethylcellulose 0.3% + V,0.3%,drops,,,,,Jan Aushadhi (PMBJP),https://janaushadhistore.in/shop/hydroxypropylmethylcellulose-eye-drop/
Ibuprofen 400mg and Paracetamol 325mg Tablet,Ibuprofen,,Jan Aushadhi (PMBJP),Ibuprofen 400mg + Paracetamol 325mg,400mg + 325mg,tablet,,,,,Jan Aushadhi (PMBJP),https://janaushadhistore.in/shop/ibuprofen-400mg-and-paracetamol-325mg-tablet/
Ibuprofen 400mg Tablet,Ibuprofen,,Jan Aushadhi (PMBJP),Ibuprofen 400mg,400mg,tablet,,,,,Jan Aushadhi (PMBJP),https://janaushadhistore.in/shop/ibuprofen-400mg-tablet/
Insulin Neutral 40iu/ml,Human Insulin,,Jan Aushadhi (PMBJP),Human Insulin 40iu,40IU,injection,,,,,Jan Aushadhi (PMBJP),https://janaushadhistore.in/shop/insulin-neutral-40iu-ml/
Isosorbide Dinitrate 5mg Tablet,Isosorbide Dinitrate,,Jan Aushadhi (PMBJP),Isosorbide Dinitrate 5mg,5mg,tablet,,,,,Jan Aushadhi (PMBJP),https://janaushadhistore.in/shop/isosorbide-dinitrate-5mg-tablet/
Isosorbide Mononitrate 20mg Tablet,Isosorbide Mononitrate,,Jan Aushadhi (PMBJP),Isosorbide Mononitrate 20mg,20mg,tablet,,,,,Jan Aushadhi (PMBJP),https://janaushadhistore.in/shop/isosorbide-mononitrate-20mg-tablet/
Itraconazole 100mg Capsule,Itraconazole,,Jan Aushadhi (PMBJP),Itraconazole 100mg,100mg,capsule,,,,,Jan Aushadhi (PMBJP),https://janaushadhistore.in/shop/itraconazole-100mg-capsule/
Ivermectin 6mg and Albendazole 400mg Tablet,Ivermectin,,Jan Aushadhi (PMBJP),Ivermectin 6mg + Albendazole 400mg,6mg + 400mg,tablet,,,,,Jan Aushadhi (PMBJP),https://janaushadhistore.in/shop/ivermectin-6mg-and-albendazole-400mg-tablet/
Ketoconazole 2% Cream,Ketoconazole,,Jan Aushadhi (PMBJP),Ketoconazole 2 + 25,2 + 25,cream,,,,,Jan Aushadhi (PMBJP),https://janaushadhistore.in/shop/ketoconazole-2-cream/
Ketoconazole 200mg Tablet,Ketoconazole,,Jan Aushadhi (PMBJP),Ketoconazole 200mg,200mg,tablet,,,,,Jan Aushadhi (PMBJP),https://janaushadhistore.in/shop/ketoconazole-200mg-tablet/
Labetalol 100mg Tablet,Labetalol,,Jan Aushadhi (PMBJP),Labetalol 100mg,100mg,tablet,,,,,Jan Aushadhi (PMBJP),https://janaushadhistore.in/shop/labetalol-100mg-tablet/
Lactulose 10gm Solution,Lactulose,,Jan Aushadhi (PMBJP),Lactulose 10gm,10g,solution,,,,,Jan Aushadhi (PMBJP),https://janaushadhistore.in/shop/lactulose-10gm-solution/
Letrozole 2.5mg Tablet,Letrozole,,Jan Aushadhi (PMBJP),Letrozole 2 + 5mg,5mg,tablet,,,,,Jan Aushadhi (PMBJP),https://janaushadhistore.in/shop/letrozole-2-5mg-tablet/
Levetiracetam 500mg Tablet,Levetiracetam,,Jan Aushadhi (PMBJP),Levetiracetam 500mg,500mg,tablet,,,,,Jan Aushadhi (PMBJP),https://janaushadhistore.in/shop/levetiracetam-500mg-tablet/
Levocarnitine 500mg Tablet,Levo Carnitine,,Jan Aushadhi (PMBJP),Levo Carnitine 500mg,500mg,tablet,,,,,Jan Aushadhi (PMBJP),https://janaushadhistore.in/shop/levocarnitine-500mg-tablet/
Levocetirizine 5mg and Montelukast 10mg Tablet,Levocetirizine,,Jan Aushadhi (PMBJP),Levocetirizine 5mg + Montelukast 10mg,5mg + 10mg,tablet,,,,,Jan Aushadhi (PMBJP),https://janaushadhistore.in/shop/levocetirizine-5mg-and-montelukast-10mg-tablet/
Levofloxacin 250mg Tablet,Levofloxacin,,Jan Aushadhi (PMBJP),Levofloxacin 250mg,250mg,tablet,,,,,Jan Aushadhi (PMBJP),https://janaushadhistore.in/shop/levofloxacin-250mg-tablet/
Levofloxacin 500mg Tablet,Levofloxacin,,Jan Aushadhi (PMBJP),Levofloxacin 500mg,500mg,tablet,,,,,Jan Aushadhi (PMBJP),https://janaushadhistore.in/shop/levofloxacin-500mg-tablet/
Levosulpiride 75mg and Esomeprazole 40mg Capsule,Levosulpiride,,Jan Aushadhi (PMBJP),Levosulpiride 75mg + Esomeprazole 40mg,75mg + 40mg,capsule,,,,,Jan Aushadhi (PMBJP),https://janaushadhistore.in/shop/levosulpiride-75mg-and-esomeprazole-40mg-capsule/
Levosulpiride 75mg and Pantoprazole 40mg Capsule,Levosulpiride,,Jan Aushadhi (PMBJP),Levosulpiride 75mg + Pantoprazole 40mg,75mg + 40mg,capsule,,,,,Jan Aushadhi (PMBJP),https://janaushadhistore.in/shop/levosulpiride-75mg-and-pantoprazole-40mg-capsule/
Linezolid 600mg Tablet,Linezolid,,Jan Aushadhi (PMBJP),Linezolid 600mg,600mg,tablet,,,,,Jan Aushadhi (PMBJP),https://janaushadhistore.in/shop/linezolid-600mg-tablet/
Lisinopril 10mg Tablet,Lisinopril,,Jan Aushadhi (PMBJP),Lisinopril 10mg,10mg,tablet,,,,,Jan Aushadhi (PMBJP),https://janaushadhistore.in/shop/lisinopril-10mg-tablet/
Lisinopril 5mg Tablet,Lisinopril,,Jan Aushadhi (PMBJP),Lisinopril 5mg,5mg,tablet,,,,,Jan Aushadhi (PMBJP),https://janaushadhistore.in/shop/lisinopril-5mg-tablet/
Loperamide 2mg Capsule,Loperamide,,Jan Aushadhi (PMBJP),Loperamide 2mg,2mg,capsule,,,,,Jan Aushadhi (PMBJP),https://janaushadhistore.in/shop/loperamide-2mg-capsule/
Loratadine 10mg Tablet,Loratadine,,Jan Aushadhi (PMBJP),Loratadine 10mg,10mg,tablet,,,,,Jan Aushadhi (PMBJP),https://janaushadhistore.in/shop/loratadine-10mg-tablet/
Losartan 25mg Tablet,Losartan,,Jan Aushadhi (PMBJP),Losartan 25mg,25mg,tablet,,,,,Jan Aushadhi (PMBJP),https://janaushadhistore.in/shop/losartan-25mg-tablet/
Losartan 50mg and Amlodipine 5mg Tablet,Losartan,,Jan Aushadhi (PMBJP),Losartan 50mg + Amlodipine 5mg,50mg + 5mg,tablet,,,,,Jan Aushadhi (PMBJP),https://janaushadhistore.in/shop/losartan-50mg-and-amlodipine-5mg-tablet/
Losartan 50mg and Hydrochlorothiazide 12.5mg Tablet,Losartan,,Jan Aushadhi (PMBJP),Losartan 50mg + Hydrochlorothiazide 12 + 5mg,50mg + 5mg,tablet,,,,,Jan Aushadhi (PMBJP),https://janaushadhistore.in/shop/losartan-50mg-and-hydrochlorothiazide-12-5mg-tablet/
Losartan 50mg Tablet,Losartan,,Jan Aushadhi (PMBJP),Losartan 50mg,50mg,tablet,,,,,Jan Aushadhi (PMBJP),https://janaushadhistore.in/shop/losartan-50mg-tablet/
Mefenamic Acid 500mg Tablet,Mefenamic Acid,,Jan Aushadhi (PMBJP),Mefenamic Acid 500mg,500mg,tablet,,,,,Jan Aushadhi (PMBJP),https://janaushadhistore.in/shop/mefenamic-acid-500mg-tablet/
Metformin 1000mg and Teneligliptin 20mg Tablet,Metformin,,Jan Aushadhi (PMBJP),Metformin 1000mg + Teneligliptin 20mg,1000mg + 20mg,tablet,,,,,Jan Aushadhi (PMBJP),https://janaushadhistore.in/shop/metformin-1000mg-and-teneligliptin-20mg-tablet/
Metformin 1000mg Tablet,Metformin,,Jan Aushadhi (PMBJP),Metformin 1000mg,1000mg,tablet,,,,,Jan Aushadhi (PMBJP),https://janaushadhistore.in/shop/metformin-1000mg-tablet/
Metformin 500mg and Teneligliptin 20mg Tablet,Metformin,,Jan Aushadhi (PMBJP),Metformin 500mg + Teneligliptin 20mg,500mg + 20mg,tablet,,,,,Jan Aushadhi (PMBJP),https://janaushadhistore.in/shop/metformin-500mg-and-teneligliptin-20mg-tablet/
Metformin 500mg and Voglibose 0.2mg Tablet,Metformin,,Jan Aushadhi (PMBJP),Metformin 500mg + Voglibose 0 + 2mg,500mg + 2mg,tablet,,,,,Jan Aushadhi (PMBJP),https://janaushadhistore.in/shop/metformin-500mg-and-voglibose-0-2mg-tablet/
Metformin 500mg and Voglibose 0.3mg Tablet,Metformin,,Jan Aushadhi (PMBJP),Metformin 500mg + Voglibose 0 + 3mg,500mg + 3mg,tablet,,,,,Jan Aushadhi (PMBJP),https://janaushadhistore.in/shop/metformin-500mg-and-voglibose-0-3mg-tablet/
Metformin 500mg Prolonged Release Tablet,Metformin,,Jan Aushadhi (PMBJP),Metformin 500mg,500mg,tablet,,,,,Jan Aushadhi (PMBJP),https://janaushadhistore.in/shop/metformin-500mg-prolonged-release-tablet/
Metformin 500mg Tablet,Metformin,,Jan Aushadhi (PMBJP),Metformin 500mg,500mg,tablet,,,,,Jan Aushadhi (PMBJP),https://janaushadhistore.in/shop/metformin-500mg-tablet/
Metformin 850mg Tablet,Metformin,,Jan Aushadhi (PMBJP),Metformin 850mg,850mg,tablet,,,,,Jan Aushadhi (PMBJP),https://janaushadhistore.in/shop/metformin-850mg-tablet/
Methotrexate 7.5mg Tablet,Methotrexate,,Jan Aushadhi (PMBJP),Methotrexate 7 + 5mg,5mg,tablet,,,,,Jan Aushadhi (PMBJP),https://janaushadhistore.in/shop/methotrexate-7-5mg-tablet/
Methylcobalamin 750mcg and Pregabalin 75mg Capsule,Methylcobalamin,,Jan Aushadhi (PMBJP),Methylcobalamin 750mcg + Pregabalin 75mg,750mcg + 75mg,capsule,,,,,Jan Aushadhi (PMBJP),https://janaushadhistore.in/shop/methylcobalamin-750mcg-and-pregabalin-75mg-capsule/
"Methylcobalamin, Alpha Lipoic Acid, Vitamin B6, Folic Acid and Vitamin D3 Tablet",Methylcobalamin,,Jan Aushadhi (PMBJP),Methylcobalamin 1500mcg + Alpha Lipoic Acid 100mg + Vitamin b6 Pyridoxine 3mg + Folic Acid 1 + 5mg + Vitamin d3 1000iu,1500mcg + 100mg + 3mg + 5mg + 1000IU,tablet,,,,,Jan Aushadhi (PMBJP),https://janaushadhistore.in/shop/methylcobalamin-alpha-lipoic-acid-vitamin-b6-folic-acid-and-vitamin-d3-tablet/
Metoprolol Succinate 50mg ER Tablet,Metoprolol Succinate,,Jan Aushadhi (PMBJP),Metoprolol Succinate 50mg,50mg,tablet,,,,,Jan Aushadhi (PMBJP),https://janaushadhistore.in/shop/metoprolol-succinate-50mg-er-tablet/
Metoprolol Tartrate 25mg Tablet,Metoprolol Tartrate,,Jan Aushadhi (PMBJP),Metoprolol Tartrate 25mg,25mg,tablet,,,,,Jan Aushadhi (PMBJP),https://janaushadhistore.in/shop/metoprolol-tartrate-25mg-tablet/
Metronidazole 400mg Tablet,Metronidazole,,Jan Aushadhi (PMBJP),Metronidazole 400mg,400mg,tablet,,,,,Jan Aushadhi (PMBJP),https://janaushadhistore.in/shop/metronidazole-400mg-tablet/
Milk of Magnesia and Liquid Paraffin Suspension,Milk Of Magnesia,,Jan Aushadhi (PMBJP),Milk Of Magnesia 11 + 25mg + Liquid Paraffin 3 + 75mg,25mg + 75mg,suspension,,,,,Jan Aushadhi (PMBJP),https://janaushadhistore.in/shop/milk-of-magnesia-and-liquid-paraffin-suspension/
Minoxidil 5% Topical Solution,Minoxidil,,Jan Aushadhi (PMBJP),Minoxidil 5 + 25 + V,5 + 25,solution,,,,,Jan Aushadhi (PMBJP),https://janaushadhistore.in/shop/minoxidil-5-topical-solution/
Mometasone 0.1% Cream,Mometasone,,Jan Aushadhi (PMBJP),Mometasone 0.1%,0.1%,cream,,,,,Jan Aushadhi (PMBJP),https://janaushadhistore.in/shop/mometasone-0-1-cream/
Montelukast 10mg and Fexofenadine 120mg Tablet,Montelukast,,Jan Aushadhi (PMBJP),Montelukast 10mg + Fexofenadine 120mg,10mg + 120mg,tablet,,,,,Jan Aushadhi (PMBJP),https://janaushadhistore.in/shop/montelukast-10mg-and-fexofenadine-120mg-tablet/
Montelukast 10mg Tablet,Montelukast,,Jan Aushadhi (PMBJP),Montelukast 10mg,10mg,tablet,,,,,Jan Aushadhi (PMBJP),https://janaushadhistore.in/shop/montelukast-10mg-tablet/
Montelukast 5mg Tablet,Montelukast,,Jan Aushadhi (PMBJP),Montelukast 5mg,5mg,tablet,,,,,Jan Aushadhi (PMBJP),https://janaushadhistore.in/shop/montelukast-5mg-tablet/
Multivitamin Drops,,,Jan Aushadhi (PMBJP),Multivitamin Drops,Multivitamin,drops,,,,,Jan Aushadhi (PMBJP),https://janaushadhistore.in/shop/multivitamin-drops/
Mupirocin Ointment,Mupirocin,,Jan Aushadhi (PMBJP),Mupirocin 2 + 25,2 + 25,ointment,,,,,Jan Aushadhi (PMBJP),https://janaushadhistore.in/shop/mupirocin-ointment/
Mycophenolate Mofetil 500mg Tablet,Mycophenolate Mofetil,,Jan Aushadhi (PMBJP),Mycophenolate Mofetil 500mg,500mg,tablet,,,,,Jan Aushadhi (PMBJP),https://janaushadhistore.in/shop/mycophenolate-mofetil-500mg-tablet/
Nebivolol 2.5mg Tablet,Nebivolol,,Jan Aushadhi (PMBJP),Nebivolol 2 + 5mg,5mg,tablet,,,,,Jan Aushadhi (PMBJP),https://janaushadhistore.in/shop/nebivolol-2-5mg-tablet/
Nebivolol 5mg and Hydrochlorothiazide 12.5mg Tablet,Nebivolol,,Jan Aushadhi (PMBJP),Nebivolol 5mg + Hydrochlorothiazide 12 + 5mg,5mg + 5mg,tablet,,,,,Jan Aushadhi (PMBJP),https://janaushadhistore.in/shop/nebivolol-5mg-and-hydrochlorothiazide-12-5mg-tablet/
Nebivolol 5mg Tablet,Nebivolol,,Jan Aushadhi (PMBJP),Nebivolol 5mg,5mg,tablet,,,,,Jan Aushadhi (PMBJP),https://janaushadhistore.in/shop/nebivolol-5mg-tablet/
Nepafenac Eye Drop,Nepafenac,,Jan Aushadhi (PMBJP),Nepafenac 0.1% + V,0.1%,drops,,,,,Jan Aushadhi (PMBJP),https://janaushadhistore.in/shop/nepafenac-eye-drop/
Nitroglycerin 2.6mg Tablet,Nitroglycerin,,Jan Aushadhi (PMBJP),Nitroglycerin 2 + 6mg,6mg,tablet,,,,,Jan Aushadhi (PMBJP),https://janaushadhistore.in/shop/nitroglycerin-2-6mg-tablet/
Norethisterone 5mg Tablet,Norethisterone,,Jan Aushadhi (PMBJP),Norethisterone 5mg,5mg,tablet,,,,,Jan Aushadhi (PMBJP),https://janaushadhistore.in/shop/norethisterone-5mg-tablet/
Norfloxacin 400mg and Tinidazole 600mg Tablet,Norfloxacin,,Jan Aushadhi (PMBJP),Norfloxacin 400mg + Tinidazole 600mg,400mg + 600mg,tablet,,,,,Jan Aushadhi (PMBJP),https://janaushadhistore.in/shop/norfloxacin-400mg-and-tinidazole-600mg-tablet/
Ofloxacin 200mg and Ornidazole 500mg Tablet,Ofloxacin,,Jan Aushadhi (PMBJP),Ofloxacin 200mg + Ornidazole 500mg,200mg + 500mg,tablet,,,,,Jan Aushadhi (PMBJP),https://janaushadhistore.in/shop/ofloxacin-200mg-and-ornidazole-500mg-tablet/
Ofloxacin 200mg Tablet,Ofloxacin,,Jan Aushadhi (PMBJP),Ofloxacin 200mg,200mg,tablet,,,,,Jan Aushadhi (PMBJP),https://janaushadhistore.in/shop/ofloxacin-200mg-tablet/
Ofloxacin 400mg Tablet,Ofloxacin,,Jan Aushadhi (PMBJP),Ofloxacin 400mg,400mg,tablet,,,,,Jan Aushadhi (PMBJP),https://janaushadhistore.in/shop/ofloxacin-400mg-tablet/
Ofloxacin Ophthalmic Solution,Ofloxacin,,Jan Aushadhi (PMBJP),Ofloxacin 0.3% + V,0.3%,solution,,,,,Jan Aushadhi (PMBJP),https://janaushadhistore.in/shop/ofloxacin-ophthalmic-solution/
Olanzapine 10mg Tablet,Olanzapine,,Jan Aushadhi (PMBJP),Olanzapine 10mg,10mg,tablet,,,,,Jan Aushadhi (PMBJP),https://janaushadhistore.in/shop/olanzapine-10mg-tablet/
Olanzapine 5mg Tablet,Olanzapine,,Jan Aushadhi (PMBJP),Olanzapine 5mg,5mg,tablet,,,,,Jan Aushadhi (PMBJP),https://janaushadhistore.in/shop/olanzapine-5mg-tablet/
Olmesartan Medoxomil 20mg and Amlodipine 5mg Tablet,Olmesartan Medoxomil,,Jan Aushadhi (PMBJP),Olmesartan Medoxomil 20mg + Amlodipine 5mg,20mg + 5mg,tablet,,,,,Jan Aushadhi (PMBJP),https://janaushadhistore.in/shop/olmesartan-medoxomil-20mg-and-amlodipine-5mg-tablet/
Olmesartan Medoxomil 20mg and Hydrochlorothiazide 12.5mg Tablet,Hydrochlorothiazide,,Jan Aushadhi (PMBJP),Hydrochlorothiazide 12 + 5mg + Olmesartan Medoxomil 20mg,5mg + 20mg,tablet,,,,,Jan Aushadhi (PMBJP),https://janaushadhistore.in/shop/olmesartan-medoxomil-20mg-and-hydrochlorothiazide-12-5mg-tablet/
Olmesartan Medoxomil 20mg Tablet,Olmesartan Medoxomil,,Jan Aushadhi (PMBJP),Olmesartan Medoxomil 20mg,20mg,tablet,,,,,Jan Aushadhi (PMBJP),https://janaushadhistore.in/shop/olmesartan-medoxomil-20mg-tablet/
Olmesartan Medoxomil 40mg and Hydrochlorothiazide 12.5mg Tablet,Hydrochlorothiazide,,Jan Aushadhi (PMBJP),Hydrochlorothiazide 12 + 5mg + Olmesartan Medoxomil 40mg,5mg + 40mg,tablet,,,,,Jan Aushadhi (PMBJP),https://janaushadhistore.in/shop/olmesartan-medoxomil-40mg-and-hydrochlorothiazide-12-5mg-tablet/
Olmesartan Medoxomil 40mg Tablet,Olmesartan Medoxomil,,Jan Aushadhi (PMBJP),Olmesartan Medoxomil 40mg,40mg,tablet,,,,,Jan Aushadhi (PMBJP),https://janaushadhistore.in/shop/olmesartan-medoxomil-40mg-tablet/
"Olmesartan Medoxomil, Amlodipine and Hydrochlorothiazide Tablet",Olmesartan Medoxomil,,Jan Aushadhi (PMBJP),Olmesartan Medoxomil 20mg + Amlodipine 5mg + Hydrochlorothiazide 12 + 5mg,20mg + 5mg + 5mg,tablet,,,,,Jan Aushadhi (PMBJP),https://janaushadhistore.in/shop/olmesartan-medoxomil-amlodipine-and-hydrochlorothiazide-tablet/
Olopatadine Eye Drop,Olopatadine,,Jan Aushadhi (PMBJP),Olopatadine 0.1% + V,0.1%,drops,,,,,Jan Aushadhi (PMBJP),https://janaushadhistore.in/shop/olopatadine-eye-drop/
Omeprazole 20mg Capsule,Omeprazole,,Jan Aushadhi (PMBJP),Omeprazole 20mg,20mg,capsule,,,,,Jan Aushadhi (PMBJP),https://janaushadhistore.in/shop/omeprazole-20mg-capsule/
Ornidazole 500mg Tablet,Ornidazole,,Jan Aushadhi (PMBJP),Ornidazole 500mg,500mg,tablet,,,,,Jan Aushadhi (PMBJP),https://janaushadhistore.in/shop/ornidazole-500mg-tablet/
Oseltamivir 75mg Capsule,Oseltamivir Phosphate,,Jan Aushadhi (PMBJP),Oseltamivir Phosphate 75mg,75mg,capsule,,,,,Jan Aushadhi (PMBJP),https://janaushadhistore.in/shop/oseltamivir-75mg-capsule/
"Oxetacaine, Aluminium Hydroxide and Magnesium Gel",Oxetacaine,,Jan Aushadhi (PMBJP),Oxetacaine 10mg + 5ml + Aluminium Hydroxide 0 + 291mg + 5ml + Magnesium 98mg + 5ml,10mg + 5ml + 291mg + 5ml + 98mg + 5ml,gel,,,,,Jan Aushadhi (PMBJP),https://janaushadhistore.in/shop/oxetacaine-aluminium-hydroxide-and-magnesium-gel/
Pantoprazole 40mg Tablet,Pantoprazole,,Jan Aushadhi (PMBJP),Pantoprazole 40mg,40mg,tablet,,,,,Jan Aushadhi (PMBJP),https://janaushadhistore.in/shop/pantoprazole-40mg-tablet/
Paracetamol 500mg Tablet,Paracetamol,,Jan Aushadhi (PMBJP),Paracetamol 500mg,500mg,tablet,,,,,Jan Aushadhi (PMBJP),https://janaushadhistore.in/shop/paracetamol-500mg-tablet/
Paroxetine 37.5mg Tablet,Paroxetine,,Jan Aushadhi (PMBJP),Paroxetine 37 + 5mg,5mg,tablet,,,,,Jan Aushadhi (PMBJP),https://janaushadhistore.in/shop/paroxetine-37-5mg-tablet/
Permethrin Cream,Permethrin,,Jan Aushadhi (PMBJP),Permethrin 5 + 25,5 + 25,cream,,,,,Jan Aushadhi (PMBJP),https://janaushadhistore.in/shop/permethrin-cream/
Pheniramine 25mg Tablet,Pheniramine,,Jan Aushadhi (PMBJP),Pheniramine 25mg,25mg,tablet,,,,,Jan Aushadhi (PMBJP),https://janaushadhistore.in/shop/pheniramine-25mg-tablet/
Phenytoin 100mg Tablet,Phenytoin,,Jan Aushadhi (PMBJP),Phenytoin 100mg,100mg,tablet,,,,,Jan Aushadhi (PMBJP),https://janaushadhistore.in/shop/phenytoin-100mg-tablet/
Pioglitazone 15mg and Metformin 500mg Tablet,Pioglitazone,,Jan Aushadhi (PMBJP),Pioglitazone 15mg + Metformin 500mg,15mg + 500mg,tablet,,,,,Jan Aushadhi (PMBJP),https://janaushadhistore.in/shop/pioglitazone-15mg-and-metformin-500mg-tablet/
Pioglitazone 15mg Tablet,Pioglitazone,,Jan Aushadhi (PMBJP),Pioglitazone 15mg,15mg,tablet,,,,,Jan Aushadhi (PMBJP),https://janaushadhistore.in/shop/pioglitazone-15mg-tablet/
Pioglitazone 30mg Tablet,Pioglitazone,,Jan Aushadhi (PMBJP),Pioglitazone 30mg,30mg,tablet,,,,,Jan Aushadhi (PMBJP),https://janaushadhistore.in/shop/pioglitazone-30mg-tablet/
Piracetam 400mg Tablet,Piracetam,,Jan Aushadhi (PMBJP),Piracetam 400mg,400mg,tablet,,,,,Jan Aushadhi (PMBJP),https://janaushadhistore.in/shop/piracetam-400mg-tablet/
Piracetam 800mg Tablet,Piracetam,,Jan Aushadhi (PMBJP),Piracetam 800mg,800mg,tablet,,,,,Jan Aushadhi (PMBJP),https://janaushadhistore.in/shop/piracetam-800mg-tablet/
Prasugrel (10mg) Tablet,Prasugrel,,Jan Aushadhi (PMBJP),Prasugrel 10mg,10mg,tablet,,,,,Jan Aushadhi (PMBJP),https://janaushadhistore.in/shop/prasugrel-10mg-tablet/
Prednisolone 10mg Tablet,Prednisolone,,Jan Aushadhi (PMBJP),Prednisolone 10mg,10mg,tablet,,,,,Jan Aushadhi (PMBJP),https://janaushadhistore.in/shop/prednisolone-10mg-tablet/
Prednisolone 5mg Tablet,Prednisolone,,Jan Aushadhi (PMBJP),Prednisolone 5mg,5mg,tablet,,,,,Jan Aushadhi (PMBJP),https://janaushadhistore.in/shop/prednisolone-5mg-tablet/
Pregabalin 75mg and Nortriptyline 10mg Tablet,Pregabalin,,Jan Aushadhi (PMBJP),Pregabalin 75mg + Nortriptyline 10mg,75mg + 10mg,tablet,,,,,Jan Aushadhi (PMBJP),https://janaushadhistore.in/shop/pregabalin-75mg-and-nortriptyline-10mg-tablet/
Pregabalin 75mg Capsule,Pregabalin,,Jan Aushadhi (PMBJP),Pregabalin 75mg,75mg,capsule,,,,,Jan Aushadhi (PMBJP),https://janaushadhistore.in/shop/pregabalin-75mg-capsule/
Pregabalin 75mg Tablet,Pregabalin,,Jan Aushadhi (PMBJP),Pregabalin 75mg,75mg,tablet,,,,,Jan Aushadhi (PMBJP),https://janaushadhistore.in/shop/pregabalin-75mg-tablet/
Prochlorperazine 5mg Tablet,Prochlorperazine,,Jan Aushadhi (PMBJP),Prochlorperazine 5mg,5mg,tablet,,,,,Jan Aushadhi (PMBJP),https://janaushadhistore.in/shop/prochlorperazine-5mg-tablet/
Progesterone (Natural Micronized) 200mg Capsule,Progesterone Natural Micronized,,Jan Aushadhi (PMBJP),Progesterone Natural Micronized 200mg,200mg,capsule,,,,,Jan Aushadhi (PMBJP),https://janaushadhistore.in/shop/progesterone-natural-micronized-200mg-capsule/
Propranolol 10mg Tablet,Propranolol,,Jan Aushadhi (PMBJP),Propranolol 10mg,10mg,tablet,,,,,Jan Aushadhi (PMBJP),https://janaushadhistore.in/shop/propranolol-10mg-tablet/
Propranolol 40mg Tablet,Propranolol,,Jan Aushadhi (PMBJP),Propranolol 40mg,40mg,tablet,,,,,Jan Aushadhi (PMBJP),https://janaushadhistore.in/shop/propranolol-40mg-tablet/
Pyridoxine 50mg Tablet,Pyridoxine Vitamin b,,Jan Aushadhi (PMBJP),Pyridoxine Vitamin b6 50 + Mg,50,tablet,,,,,Jan Aushadhi (PMBJP),https://janaushadhistore.in/shop/pyridoxine-50mg-tablet/
Rabeprazole 20mg Tablet,Rabeprazole,,Jan Aushadhi (PMBJP),Rabeprazole 20mg,20mg,tablet,,,,,Jan Aushadhi (PMBJP),https://janaushadhistore.in/shop/rabeprazole-20mg-tablet/
Ramipril 2.5mg Tablet,Ramipril,,Jan Aushadhi (PMBJP),Ramipril 2 + 5mg,5mg,tablet,,,,,Jan Aushadhi (PMBJP),https://janaushadhistore.in/shop/ramipril-2-5mg-tablet/
Ramipril 5mg and Hydrochlorothiazide 12.5mg Tablet,Ramipril,,Jan Aushadhi (PMBJP),Ramipril 5mg + Hydrochlorothiazide 12 + 5mg,5mg + 5mg,tablet,,,,,Jan Aushadhi (PMBJP),https://janaushadhistore.in/shop/ramipril-5mg-and-hydrochlorothiazide-12-5mg-tablet/
Ramipril 5mg Tablet,Ramipril,,Jan Aushadhi (PMBJP),Ramipril 5mg,5mg,tablet,,,,,Jan Aushadhi (PMBJP),https://janaushadhistore.in/shop/ramipril-5mg-tablet/
Ranitidine 150mg Tablet,Ranitidine,,Jan Aushadhi (PMBJP),Ranitidine 150mg,150mg,tablet,,,,,Jan Aushadhi (PMBJP),https://janaushadhistore.in/shop/ranitidine-150mg-tablet/
Ranitidine 25mg Injection,Ranitidine,,Jan Aushadhi (PMBJP),Ranitidine 25mg,25mg,injection,,,,,Jan Aushadhi (PMBJP),https://janaushadhistore.in/shop/ranitidine-25mg-injection/
Ranitidine 300mg Tablet,Ranitidine,,Jan Aushadhi (PMBJP),Ranitidine 300mg,300mg,tablet,,,,,Jan Aushadhi (PMBJP),https://janaushadhistore.in/shop/ranitidine-300mg-tablet/
Risperidone 4mg and Trihexyphenidyl 2mg Tablet,Risperidone,,Jan Aushadhi (PMBJP),Risperidone 4mg + Trihexyphenidyl 2mg,4mg + 2mg,tablet,,,,,Jan Aushadhi (PMBJP),https://janaushadhistore.in/shop/risperidone-4mg-and-trihexyphenidyl-2mg-tablet/
Rivaroxaban 10mg Tablet,Rivaroxaban,,Jan Aushadhi (PMBJP),Rivaroxaban 10mg,10mg,tablet,,,,,Jan Aushadhi (PMBJP),https://janaushadhistore.in/shop/rivaroxaban-10mg-tablet/
Rivaroxaban 20mg Tablet,Rivaroxaban,,Jan Aushadhi (PMBJP),Rivaroxaban 20mg,20mg,tablet,,,,,Jan Aushadhi (PMBJP),https://janaushadhistore.in/shop/rivaroxaban-20mg-tablet/
Rosuvastatin 10mg and Clopidogrel 75mg Capsule,Rosuvastatin,,Jan Aushadhi (PMBJP),Rosuvastatin 10mg + Clopidogrel 75mg,10mg + 75mg,capsule,,,,,Jan Aushadhi (PMBJP),https://janaushadhistore.in/shop/rosuvastatin-10mg-and-clopidogrel-75mg-capsule/
Rosuvastatin 10mg Tablet,Rosuvastatin,,Jan Aushadhi (PMBJP),Rosuvastatin 10mg,10mg,tablet,,,,,Jan Aushadhi (PMBJP),https://janaushadhistore.in/shop/rosuvastatin-10mg-tablet/
Rosuvastatin 20mg Tablet,Rosuvastatin,,Jan Aushadhi (PMBJP),Rosuvastatin 20mg,20mg,tablet,,,,,Jan Aushadhi (PMBJP),https://janaushadhistore.in/shop/rosuvastatin-20mg-tablet/
Rosuvastatin 5mg Tablet,Rosuvastatin,,Jan Aushadhi (PMBJP),Rosuvastatin 5mg,5mg,tablet,,,,,Jan Aushadhi (PMBJP),https://janaushadhistore.in/shop/rosuvastatin-5mg-tablet/
S-Amlodipine 2.5mg and Atenolol 50mg Tablet,S Amlodipine,,Jan Aushadhi (PMBJP),S Amlodipine 2 + 5mg + Atenolol 50mg,5mg + 50mg,tablet,,,,,Jan Aushadhi (PMBJP),https://janaushadhistore.in/shop/s-amlodipine-2-5mg-and-atenolol-50mg-tablet/
S-Amlodipine 2.5mg Tablet,S Amlodipine,,Jan Aushadhi (PMBJP),S Amlodipine 2 + 5mg,5mg,tablet,,,,,Jan Aushadhi (PMBJP),https://janaushadhistore.in/shop/s-amlodipine-2-5mg-tablet/
S-Amlodipine 5mg Tablet,S Amlodipine,,Jan Aushadhi (PMBJP),S Amlodipine 5mg,5mg,tablet,,,,,Jan Aushadhi (PMBJP),https://janaushadhistore.in/shop/s-amlodipine-5mg-tablet/
Salbutamol 2mg Tablet,Salbutamol,,Jan Aushadhi (PMBJP),Salbutamol 2mg,2mg,tablet,,,,,Jan Aushadhi (PMBJP),https://janaushadhistore.in/shop/salbutamol-2mg-tablet/
Serratiopeptidase 10mg Tablet,Serratiopeptidase,,Jan Aushadhi (PMBJP),Serratiopeptidase 10mg,10mg,tablet,,,,,Jan Aushadhi (PMBJP),https://janaushadhistore.in/shop/serratiopeptidase-10mg-tablet/
Sertraline 100mg Tablet,Sertraline,,Jan Aushadhi (PMBJP),Sertraline 100mg,100mg,tablet,,,,,Jan Aushadhi (PMBJP),https://janaushadhistore.in/shop/sertraline-100mg-tablet/
Sertraline 25mg Tablet,Sertraline,,Jan Aushadhi (PMBJP),Sertraline 25mg,25mg,tablet,,,,,Jan Aushadhi (PMBJP),https://janaushadhistore.in/shop/sertraline-25mg-tablet/
Sildenafil 100mg Tablet,Sildenafil,,Jan Aushadhi (PMBJP),Sildenafil 100mg,100mg,tablet,,,,,Jan Aushadhi (PMBJP),https://janaushadhistore.in/shop/sildenafil-100mg-tablet/
Sildenafil 50mg Tablet,Sildenafil,,Jan Aushadhi (PMBJP),Sildenafil 50mg,50mg,tablet,,,,,Jan Aushadhi (PMBJP),https://janaushadhistore.in/shop/sildenafil-50mg-tablet/
Sodium Chloride Nasal Drops,Sodium Chloride,,Jan Aushadhi (PMBJP),Sodium Chloride 0.65% + V,0.65%,drops,,,,,Jan Aushadhi (PMBJP),https://janaushadhistore.in/shop/sodium-chloride-nasal-drops/
Sodium Picosulfate 10mg Tablet,Sodium Picosulfate,,Jan Aushadhi (PMBJP),Sodium Picosulfate 10mg,10mg,tablet,,,,,Jan Aushadhi (PMBJP),https://janaushadhistore.in/shop/sodium-picosulfate-10mg-tablet/
Sodium Valproate 200mg Tablet,Sodium Valproate,,Jan Aushadhi (PMBJP),Sodium Valproate 200mg,200mg,tablet,,,,,Jan Aushadhi (PMBJP),https://janaushadhistore.in/shop/sodium-valproate-200mg-tablet/
Sodium Valproate 300mg Tablet,Sodium Valproate,,Jan Aushadhi (PMBJP),Sodium Valproate 300mg,300mg,tablet,,,,,Jan Aushadhi (PMBJP),https://janaushadhistore.in/shop/sodium-valproate-300mg-tablet/
Sodium Valproate 333mg and Valproic Acid 145mg Tablet,Sodium Valproate,,Jan Aushadhi (PMBJP),Sodium Valproate 333mg + Valproic Acid 145mg,333mg + 145mg,tablet,,,,,Jan Aushadhi (PMBJP),https://janaushadhistore.in/shop/sodium-valproate-333mg-and-valproic-acid-145mg-tablet/
Spironolactone 25mg Tablet,Spironolactone,,Jan Aushadhi (PMBJP),Spironolactone 25mg,25mg,tablet,,,,,Jan Aushadhi (PMBJP),https://janaushadhistore.in/shop/spironolactone-25mg-tablet/
Sucralfate and Oxetacaine Oral Suspension,Sucralfate,,Jan Aushadhi (PMBJP),Sucralfate 1000mg + Oxetacaine 10mg,1000mg + 10mg,suspension,,,,,Jan Aushadhi (PMBJP),https://janaushadhistore.in/shop/sucralfate-and-oxetacaine-oral-suspension/
Sulphacetamide Eye Drops,Sulphacetamide,,Jan Aushadhi (PMBJP),Sulphacetamide 10 + 25 + V,10 + 25,drops,,,,,Jan Aushadhi (PMBJP),https://janaushadhistore.in/shop/sulphacetamide-eye-drops/
Tacrolimus Ointment,Tacrolimus,,Jan Aushadhi (PMBJP),Tacrolimus 0.1%,0.1%,ointment,,,,,Jan Aushadhi (PMBJP),https://janaushadhistore.in/shop/tacrolimus-ointment/
Tadalafil 20mg Tablet,Tadalafil,,Jan Aushadhi (PMBJP),Tadalafil 20mg,20mg,tablet,,,,,Jan Aushadhi (PMBJP),https://janaushadhistore.in/shop/tadalafil-20mg-tablet/
Tamoxifen Citrate 20mg Tablet,Tamoxifen,,Jan Aushadhi (PMBJP),Tamoxifen 20mg,20mg,tablet,,,,,Jan Aushadhi (PMBJP),https://janaushadhistore.in/shop/tamoxifen-citrate-20mg-tablet/
Tamsulosin 0.4mg and Dutasteride 0.5mg Tablet,Tamsulosin,,Jan Aushadhi (PMBJP),Tamsulosin 0 + 4mg + Dutasteride 0 + 5mg,4mg + 5mg,tablet,,,,,Jan Aushadhi (PMBJP),https://janaushadhistore.in/shop/tamsulosin-0-4mg-and-dutasteride-0-5mg-tablet/
Tamsulosin 0.4mg Prolonged Release Capsule,Tamsulosin,,Jan Aushadhi (PMBJP),Tamsulosin 0 + 4mg,4mg,capsule,,,,,Jan Aushadhi (PMBJP),https://janaushadhistore.in/shop/tamsulosin-0-4mg-prolonged-release-capsule/
Telmisartan 20mg Tablet,Telmisartan,,Jan Aushadhi (PMBJP),Telmisartan 20mg,20mg,tablet,,,,,Jan Aushadhi (PMBJP),https://janaushadhistore.in/shop/telmisartan-20mg-tablet/
Telmisartan 40mg and Amlodipine 5mg Tablet,Telmisartan,,Jan Aushadhi (PMBJP),Telmisartan 40mg + Amlodipine 5mg,40mg + 5mg,tablet,,,,,Jan Aushadhi (PMBJP),https://janaushadhistore.in/shop/telmisartan-40mg-and-amlodipine-5mg-tablet/
Telmisartan 40mg and Chlorthalidone 12.5mg Tablet,Telmisartan,,Jan Aushadhi (PMBJP),Telmisartan 40mg + Chlorthalidone 12 + 5mg,40mg + 5mg,tablet,,,,,Jan Aushadhi (PMBJP),https://janaushadhistore.in/shop/telmisartan-40mg-and-chlorthalidone-12-5mg-tablet/
Telmisartan 40mg and Chlorthalidone 6.25mg Tablet,Telmisartan,,Jan Aushadhi (PMBJP),Telmisartan 40mg + Chlorthalidone 6 + 25mg,40mg + 25mg,tablet,,,,,Jan Aushadhi (PMBJP),https://janaushadhistore.in/shop/telmisartan-40mg-and-chlorthalidone-6-25mg-tablet/
Telmisartan 40mg and Hydrochlorothiazide 12.5mg Tablet,Telmisartan,,Jan Aushadhi (PMBJP),Telmisartan 40mg + Hydrochlorothiazide 12 + 5mg,40mg + 5mg,tablet,,,,,Jan Aushadhi (PMBJP),https://janaushadhistore.in/shop/telmisartan-40mg-and-hydrochlorothiazide-12-5mg-tablet/
Telmisartan 40mg and Metoprolol Succinate 50mg Tablet,Telmisartan,,Jan Aushadhi (PMBJP),Telmisartan 40mg + Metoprolol Succinate 50mg,40mg + 50mg,tablet,,,,,Jan Aushadhi (PMBJP),https://janaushadhistore.in/shop/telmisartan-40mg-and-metoprolol-succinate-50mg-tablet/
Telmisartan 40mg Tablet,Telmisartan,,Jan Aushadhi (PMBJP),Telmisartan 40mg,40mg,tablet,,,,,Jan Aushadhi (PMBJP),https://janaushadhistore.in/shop/telmisartan-40mg-tablet/
"Telmisartan 40mg, Amlodipine 5mg and Chlorthalidone 12.5mg Tablet",Telmisartan,,Jan Aushadhi (PMBJP),Telmisartan 40mg + Amlodipine 5mg + Chlorthalidone 12 + 5mg,40mg + 5mg + 5mg,tablet,,,,,Jan Aushadhi (PMBJP),https://janaushadhistore.in/shop/telmisartan-40mg-amlodipine-5mg-and-chlorthalidone-12-5mg-tablet/
"Telmisartan 40mg, Amlodipine 5mg and Hydrochlorothiazide 12.5mg Tablet",Telmisartan,,Jan Aushadhi (PMBJP),Telmisartan 40mg + Amlodipine 5mg + Hydrochlorothiazide 12 + 5mg,40mg + 5mg + 5mg,tablet,,,,,Jan Aushadhi (PMBJP),https://janaushadhistore.in/shop/telmisartan-40mg-amlodipine-5mg-and-hydrochlorothiazide-12-5mg-tablet/
Telmisartan 80mg and Amlodipine 5mg Tablet,Telmisartan,,Jan Aushadhi (PMBJP),Telmisartan 80mg + Amlodipine 5mg,80mg + 5mg,tablet,,,,,Jan Aushadhi (PMBJP),https://janaushadhistore.in/shop/telmisartan-80mg-and-amlodipine-5mg-tablet/
Telmisartan 80mg and Hydrochlorothiazide 12.5mg Tablet,Telmisartan,,Jan Aushadhi (PMBJP),Telmisartan 80mg + Hydrochlorothiazide 12 + 5mg,80mg + 5mg,tablet,,,,,Jan Aushadhi (PMBJP),https://janaushadhistore.in/shop/telmisartan-80mg-and-hydrochlorothiazide-12-5mg-tablet/
Terbinafine 250mg Tablet,Terbinafine,,Jan Aushadhi (PMBJP),Terbinafine 250mg,250mg,tablet,,,,,Jan Aushadhi (PMBJP),https://janaushadhistore.in/shop/terbinafine-250mg-tablet/
Thyroxine 100mcg Tablet,Thyroxine,,Jan Aushadhi (PMBJP),Thyroxine 100mcg,100mcg,tablet,,,,,Jan Aushadhi (PMBJP),https://janaushadhistore.in/shop/thyroxine-100mcg-tablet/
Thyroxine 50mcg Tablet,Thyroxine,,Jan Aushadhi (PMBJP),Thyroxine 50mcg,50mcg,tablet,,,,,Jan Aushadhi (PMBJP),https://janaushadhistore.in/shop/thyroxine-50mcg-tablet/
Timolol and Brimonidine Eye Drop,Timolol,,Jan Aushadhi (PMBJP),Timolol 0.5% + V Brimonidine 0.2% + V,0.5% + 0.2%,drops,,,,,Jan Aushadhi (PMBJP),https://janaushadhistore.in/shop/timolol-and-brimonidine-eye-drop/
Tinidazole 500mg Tablet,Tinidazole,,Jan Aushadhi (PMBJP),Tinidazole 500mg,500mg,tablet,,,,,Jan Aushadhi (PMBJP),https://janaushadhistore.in/shop/tinidazole-500mg-tablet/
Tranexamic Acid 500mg Tablet,Tranexamic Acid,,Jan Aushadhi (PMBJP),Tranexamic Acid 500mg,500mg,tablet,,,,,Jan Aushadhi (PMBJP),https://janaushadhistore.in/shop/tranexamic-acid-500mg-tablet/
Tranexamic Acid and Mefenamic Acid Tablet,Tranexamic Acid,,Jan Aushadhi (PMBJP),Tranexamic Acid 500mg + Mefenamic Acid 250mg,500mg + 250mg,tablet,,,,,Jan Aushadhi (PMBJP),https://janaushadhistore.in/shop/tranexamic-acid-and-mefenamic-acid-tablet/
Travoprost Eye Drop,Travoprost,,Jan Aushadhi (PMBJP),Travoprost 0.004% + V,0.004%,drops,,,,,Jan Aushadhi (PMBJP),https://janaushadhistore.in/shop/travoprost-eye-drop/
Triamcinolone Acetonide Mouth Ulcer Gel,Triamcinolone Acetonide,,Jan Aushadhi (PMBJP),Triamcinolone Acetonide 0.1%,0.1%,gel,,,,,Jan Aushadhi (PMBJP),https://janaushadhistore.in/shop/triamcinolone-acetonide-mouth-ulcer-gel/
Trihexyphenidyl 2mg Tablet,Trihexyphenidyl,,Jan Aushadhi (PMBJP),Trihexyphenidyl 2mg,2mg,tablet,,,,,Jan Aushadhi (PMBJP),https://janaushadhistore.in/shop/trihexyphenidyl-2mg-tablet/
Trypsin Chymotrypsin 100000AU Tablet,Trypsin Chymotrypsin,,Jan Aushadhi (PMBJP),Trypsin Chymotrypsin 100000au,100000AU,tablet,,,,,Jan Aushadhi (PMBJP),https://janaushadhistore.in/shop/trypsin-chymotrypsin-100000au-tablet/
Ursodeoxycholic Acid 300mg Tablet,Ursodeoxycholic Acid,,Jan Aushadhi (PMBJP),Ursodeoxycholic Acid 300mg,300mg,tablet,,,,,Jan Aushadhi (PMBJP),https://janaushadhistore.in/shop/ursodeoxycholic-acid-300mg-tablet/
Vitamin D3 400IU Drop (Cholecalciferol),Vitamin d,,Jan Aushadhi (PMBJP),Vitamin d3 400iu,400IU,drops,,,,,Jan Aushadhi (PMBJP),https://janaushadhistore.in/shop/vitamin-d3-400iu-drop-cholecalciferol/
Voglibose 0.2mg Tablet,Voglibose,,Jan Aushadhi (PMBJP),Voglibose 0 + 2mg,2mg,tablet,,,,,Jan Aushadhi (PMBJP),https://janaushadhistore.in/shop/voglibose-0-2mg-tablet/
Voglibose 0.3mg Tablet,Voglibose,,Jan Aushadhi (PMBJP),Voglibose 0 + 3mg,3mg,tablet,,,,,Jan Aushadhi (PMBJP),https://janaushadhistore.in/shop/voglibose-0-3mg-tablet/
Warfarin 5mg Tablet,Warfarin,,Jan Aushadhi (PMBJP),Warfarin 5mg,5mg,tablet,,,,,Jan Aushadhi (PMBJP),https://janaushadhistore.in/shop/warfarin-5mg-tablet/
Xylometazoline 0.1% Nasal Drop,Xylometazoline,,Jan Aushadhi (PMBJP),Xylometazoline 0.1% + V,0.1%,drops,,,,,Jan Aushadhi (PMBJP),https://janaushadhistore.in/shop/xylometazoline-0-1-nasal-drop/
